{"cameraMode":{"drawMode":0,"name":"Shaded","section":"Shading Mode"},"sceneLighting":true,"audioPlay":false,"sceneViewState":{"m_AlwaysRefresh":false,"showFog":true,"showSkybox":true,"showFlares":true,"showImageEffects":true,"showParticleSystems":true,"showVisualEffectGraphs":true,"m_FxEnabled":true},"in2DMode":false,"pivot":{"x":49.47221755981445,"y":0.47210147976875307,"z":56.04030990600586},"rotation":{"x":-0.03184656426310539,"y":-0.9378287196159363,"z":0.3338564932346344,"w":-0.08945927768945694},"size":3.8426425457000734,"orthographic":true}