{"cameraMode":{"drawMode":0,"name":"Shaded","section":"Shading Mode"},"sceneLighting":true,"audioPlay":false,"sceneViewState":{"m_AlwaysRefresh":false,"showFog":true,"showSkybox":true,"showFlares":true,"showImageEffects":true,"showParticleSystems":true,"showVisualEffectGraphs":true,"m_FxEnabled":true},"in2DMode":false,"pivot":{"x":217.61428833007813,"y":119.83042907714844,"z":172.7069854736328},"rotation":{"x":0.022469377145171167,"y":0.049771349877119067,"z":0.0011205407790839673,"w":-0.9985049962997437},"size":309.8595886230469,"orthographic":true}