{"cameraMode":{"drawMode":0,"name":"Shaded","section":"Shading Mode"},"sceneLighting":true,"audioPlay":false,"sceneViewState":{"m_AlwaysRefresh":false,"showFog":true,"showSkybox":true,"showFlares":true,"showImageEffects":true,"showParticleSystems":true,"showVisualEffectGraphs":true,"m_FxEnabled":true},"in2DMode":false,"pivot":{"x":44.60189437866211,"y":-0.08095651865005493,"z":55.741294860839847},"rotation":{"x":-0.05221610516309738,"y":-0.9477797746658325,"z":0.2214164137840271,"w":-0.22351914644241334},"size":6.232077121734619,"orthographic":true}