{"cameraMode":{"drawMode":0,"name":"Shaded","section":"Shading Mode"},"sceneLighting":true,"audioPlay":false,"sceneViewState":{"m_AlwaysRefresh":false,"showFog":true,"showSkybox":true,"showFlares":true,"showImageEffects":true,"showParticleSystems":true,"showVisualEffectGraphs":true,"m_FxEnabled":true},"in2DMode":false,"pivot":{"x":49.06652069091797,"y":3.767141580581665,"z":48.093528747558597},"rotation":{"x":-0.09882143884897232,"y":-0.9002586007118225,"z":0.3204820156097412,"w":-0.27759698033332827},"size":11.279814720153809,"orthographic":true}