{"cameraMode":{"drawMode":0,"name":"Shaded","section":"Shading Mode"},"sceneLighting":true,"audioPlay":false,"sceneViewState":{"m_AlwaysRefresh":false,"showFog":true,"showSkybox":true,"showFlares":true,"showImageEffects":true,"showParticleSystems":true,"showVisualEffectGraphs":true,"m_FxEnabled":true},"in2DMode":false,"pivot":{"x":51.56158447265625,"y":0.015992164611816407,"z":55.16518783569336},"rotation":{"x":-0.009757882915437222,"y":0.9868406057357788,"z":-0.14763283729553224,"w":-0.06522633880376816},"size":2.3348896503448488,"orthographic":false}