{"cameraMode":{"drawMode":0,"name":"Shaded","section":"Shading Mode"},"sceneLighting":true,"audioPlay":false,"sceneViewState":{"m_AlwaysRefresh":false,"showFog":true,"showSkybox":true,"showFlares":true,"showImageEffects":true,"showParticleSystems":true,"showVisualEffectGraphs":true,"m_FxEnabled":true},"in2DMode":false,"pivot":{"x":140.8003387451172,"y":79.36985778808594,"z":-57.20213317871094},"rotation":{"x":-0.0012873329687863589,"y":-0.9983757138252258,"z":0.05095905810594559,"w":-0.025478696450591089},"size":102.38312530517578,"orthographic":true}