{"cameraMode":{"drawMode":0,"name":"Shaded","section":"Shading Mode"},"sceneLighting":true,"audioPlay":false,"sceneViewState":{"m_AlwaysRefresh":false,"showFog":true,"showSkybox":true,"showFlares":true,"showImageEffects":true,"showParticleSystems":true,"showVisualEffectGraphs":true,"m_FxEnabled":true},"in2DMode":false,"pivot":{"x":44.04887390136719,"y":1.808007836341858,"z":53.10310363769531},"rotation":{"x":-0.030106494203209878,"y":-0.8765100836753845,"z":0.05529337003827095,"w":-0.47724905610084536},"size":3.2996151447296144,"orthographic":true}