{"cameraMode":{"drawMode":0,"name":"Shaded","section":"Shading Mode"},"sceneLighting":false,"audioPlay":false,"sceneViewState":{"m_AlwaysRefresh":false,"showFog":true,"showSkybox":false,"showFlares":true,"showImageEffects":true,"showParticleSystems":true,"showVisualEffectGraphs":true,"m_FxEnabled":true},"in2DMode":false,"pivot":{"x":42.83782196044922,"y":0.09377188980579376,"z":60.86231994628906},"rotation":{"x":-0.05211605876684189,"y":-0.9456671476364136,"z":0.1912040263414383,"w":-0.25775662064552309},"size":0.7136771082878113,"orthographic":true}