{"cameraMode":{"drawMode":0,"name":"Shaded","section":"Shading Mode"},"sceneLighting":false,"audioPlay":false,"sceneViewState":{"m_AlwaysRefresh":false,"showFog":true,"showSkybox":false,"showFlares":true,"showImageEffects":true,"showParticleSystems":true,"showVisualEffectGraphs":true,"m_FxEnabled":true},"in2DMode":false,"pivot":{"x":51.33858871459961,"y":0.08263900130987168,"z":53.528709411621097},"rotation":{"x":-0.03184656426310539,"y":-0.9378287196159363,"z":0.3338564932346344,"w":-0.08945927768945694},"size":0.23215539753437043,"orthographic":true}